"carb_volume","fill_ounces","pc_volume","carb_temp","psc","psc_fill","psc_co2","carb_pressure1","fill_pressure","hyd_pressure1","hyd_pressure4","filler_level","filler_speed","temperature","usage_cont","carb_flow","pressure_vacuum","oxygen_filler","air_pressurer","brand_codeA","brand_codeB","brand_codeC","brand_codeD","PH_Predicted"
0.291666666666623,-0.266666666666998,-0.679932489755697,-1.21028456436223,-0.612903225806452,0.231132113274613,1,-0.602037449373795,-0.149999999999999,-0.766142300958022,1.15806257761096,0.104166666666667,0.22,0,-0.84090909090909,-0.0958699368570171,1.45052804050047,-0.0937500000000001,5.74999999999991,"1","0","0","0",8.53185111111112
-0.333333333333374,-0.6,0.495207967877814,-0.116196632495583,-0.193548387096774,-0.565243969901267,-0.50000000000001,-0.393361290204559,-0.25,-0.766142300958022,0.143583889981618,0.0833333333333335,0.2,0,0.40530303030303,0.0110211474752304,1.68029417316288,0.40625,4.99999999999993,"0","1","0","0",8.60314266666666
0.374999999999997,2.20000000000004,-1.81498080971715,0.229338878341232,-0.645161290322581,0.614869447267686,0.500000000000013,-1.15736383513114,1.15,-0.766142300958022,-0.143230601726218,-0.0347222222222222,0.28,0.666666666666675,-0.136363636363636,0.14059653519844,1.89183998723528,1.53125,3.99999999999996,"0","1","0","0",8.49670333333331
0.833333333333313,-0.466666666666998,-0.413364303314212,-1.29495635509354,0.129032258064516,-0.263487083206343,-1,-0.779154406919938,-0.149999999999999,-0.766142300958022,0.866590356237496,0.0902777777777776,0.2,1,-0.825757575757575,0,1.68029417316288,0.28125,2.99999999999996,"1","0","0","0",8.52364311111111
0.374999999999997,-0.6,0.912472877826992,-0.591481678038229,2.67741935483871,1.21167309443872,0,2.11327289120663,-0.75,-0.766142300958022,1.01216959787945,0.138888888888889,0.2,0.166666666666669,-0.821969696969697,-0.370030314917146,1.45052804050047,0.40625,4.49999999999993,"1","0","0","0",8.60937955555554
-0.54166666666669,1,-0.788396946963435,-0.272739423971621,1.67741935483871,0.434756030098733,4,-0.837834479058539,-0.149999999999999,-0.766142300958022,0,0.0486111111111113,0.2,0.166666666666669,-0.924242424242424,0.0461439789157354,1.68029417316288,0.46875,5.49999999999993,"0","1","0","0",8.52956377777777
-0.29166666666669,0.8,0.180948957430083,-0.431156650965053,1.16129032258065,-0.409163131158555,-1,-0.86710718666609,-0.25,-0.766142300958022,0.28751477532373,0.0902777777777776,0.2,-0.166666666666657,-0.287878787878788,-0.0884780789664517,0.933102957855919,1.03125,5.49999999999993,"0","1","0","0",8.55602800000002
-0.25,-0.4,0.280162425622383,-0.753748660263087,0.32258064516129,0,-0.499999999999988,-0.121839403350427,-0.0999999999999996,-0.766142300958022,0.28751477532373,0.0972222222222221,0.26,0,-0.113636363636363,-0.0675828806269002,0.933102957855919,0.53125,-0.249999999999982,"0","1","0","0",8.74652955555556
-0.458333333333377,-0.0666666666669982,0.743793803500327,-0.194235778824499,0,0.527529958573479,1.50000000000003,-0.954655909455668,-0.149999999999999,-0.766142300958022,-0.286101373424207,0.111111111111111,0.22,1.66666666666666,-0.181818181818182,0.0253005027414797,1.68029417316288,0.40625,-0.249999999999982,"0","0","1","0",8.32802555555556
-0.0416666666666898,0.0666666666669982,-0.256494507704436,0.712703079446081,0.548387096774194,-0.409163131158585,-1,-0.720294839920854,-0.299999999999999,-0.766142300958022,-0.428605509041083,0.076388888888889,0.08,0.333333333333337,-0.651515151515151,-0.029540898030218,1.89183998723528,2.15625,-0.749999999999982,"0","1","0","0",8.58143822222221
-0.5,-0.4,0.0707340217614691,-0.155158397580739,0.67741935483871,1.04468423395267,0.49999999999999,-0.954655909455668,-0.149999999999999,-0.766142300958022,-0.428605509041083,0.125,0.02,0.166666666666669,-0.731060606060606,0.0380967515314568,1.45052804050047,0.84375,-0.5,"0","1","0","0",8.58196666666667
1,-0.866666666667034,-0.318970712797887,-0.471057730980546,-0.354838709677419,-0.409163131158555,-0.50000000000001,-0.720294839920854,-0.149999999999999,-0.766142300958022,-1.4152329881449,0.111111111111111,0.06,-1.16666666666666,-0.0681818181818181,-0.0810490394080232,1.68029417316288,3.78125,-0.249999999999982,"0","0","0","1",8.60173977777776
-0.166666666666687,-0.2,-1.27862705213487,-0.155158397580739,-0.67741935483871,-1.10599717379117,-1,-0.749747056706744,-0.35,-0.766142300958022,-0.286101373424207,0.104166666666667,0.06,-0.166666666666657,0.0454545454545458,-0.053995714633121,1.45052804050047,-0.34375,0,"0","1","0","0",8.71010844444444
-0.458333333333377,-0.133333333333002,-1.13153678174213,0.153340515542256,-1.16129032258065,0.614869447267673,4,-0.837834479058539,-0.199999999999999,-0.766142300958022,-0.143230601726218,0.111111111111111,0.08,0,0.375,0.0413110619916816,1.45052804050047,-0.34375,-0.249999999999982,"0","1","0","0",8.61409866666667
0.374999999999997,-0.4,0.865893033844244,-0.631865013415323,2.06451612903226,1.15894207585297,-0.50000000000001,1.22534307013394,-0.549999999999999,-0.766142300958022,0,0.0694444444444444,0.12,1.16666666666667,-0.856060606060606,-0.315623015348183,1.89183998723528,-0.34375,0.250000000000018,"0","1","0","0",8.59704066666667
0.66666666666662,1.13333333333304,-0.540507673491492,-0.959366615055475,-0.129032258064516,-0.912539755042754,0.500000000000013,0.369806931191189,-0.0999999999999996,-0.766142300958022,-0.143230601726218,0.111111111111111,0.2,0.666666666666675,-0.314393939393939,-0.0356906639726991,1.20173473431224,-0.28125,0,"0","1","0","0",8.61583622222222
-0.5,-0.333333333333002,0.100905846333783,-0.351711666002317,-0.516129032258065,0,-0.499999999999988,-0.925517909063502,-0.149999999999999,-0.766142300958022,-0.428605509041083,0.125,0.24,0.333333333333337,0.393939393939394,0.0141837005488731,1.45052804050047,-0.34375,-0.5,"0","0","1","0",8.48797711111111
-0.583333333333374,0.133333333333002,0.349062934952028,1.0012982555417,-0.645161290322581,-0.263487083206371,-0.50000000000001,-0.0914466148032022,-0.199999999999999,-0.766142300958022,0.431786597792554,0.0972222222222221,0.22,1,-0.852272727272727,0.0754307201752899,1.68029417316288,-0.34375,-0.5,"0","0","1","0",8.449442
0.95833333333331,0.666666666666998,-0.360822282382682,0.153340515542256,-0.645161290322581,-1.3143754098858,-1,-0.363371226660233,-0.0999999999999996,-0.766142300958022,-1.27551198828199,0.0833333333333335,0.2,0,-0.742424242424242,0.123663078877324,2.08596775060006,4.40625,-0.749999999999982,"0","0","0","1",8.63373688888889
0.874999999999997,0,0.543474611164442,-0.194235778824499,2.48387096774194,-0.127357501337224,-0.50000000000001,-0.0305269062859064,0.0500000000000007,-0.766142300958022,-1.27551198828199,0.111111111111111,0.2,-0.833333333333331,-0.946969696969697,-0.0463948750311382,1.89183998723528,-0.28125,-0.999999999999964,"0","0","0","1",8.68210933333332
0.75,0.6,-0.626097930765687,0.0385043201549896,-1.2258064516129,-0.565243969901267,0,-0.393361290204559,-0.0499999999999989,-0.766142300958022,-1.27551198828199,0.118055555555556,0.2,-0.166666666666657,0.265151515151515,0.113577414804113,1.89183998723528,1.03125,-0.749999999999982,"0","0","0","1",8.5805348888889
0.874999999999997,1.26666666666703,-1.14278331983839,1.0012982555417,0.096774193548387,0.527529958573479,0,-1.18614229765346,-0.149999999999999,-0.766142300958022,0.28751477532373,0.111111111111111,0.26,-0.166666666666657,-0.81060606060606,0.00471425197657161,1.89183998723528,-0.34375,-0.749999999999982,"1","0","0","0",8.56594911111113
0.70833333333331,0,-1.04196862704988,-0.876744309770906,-1.12903225806452,-1.10599717379117,0.49999999999999,-0.89633499906513,-0.299999999999999,-0.766142300958022,0.28751477532373,0.076388888888889,0.2,0.500000000000006,-0.81060606060606,0.0300876679443081,2.2634749880959,-0.34375,0,"1","0","0","0",8.55309
0.583333333333313,-0.6,-0.52985572513132,0.191395284669653,-0.483870967741935,-0.127357501337205,1,-0.954655909455668,-0.199999999999999,-0.766142300958022,0.143583889981618,0.131944444444444,0.22,0.666666666666675,-0.109848484848485,0.0477580067345201,2.2634749880959,-0.34375,-0.249999999999982,"1","0","0","0",8.55708688888888
0.833333333333313,-0.733333333333037,-1.48550723446366,0,0.161290322580645,0.231132113274613,0,-0.720294839920854,-0.199999999999999,-0.766142300958022,-1.55452103151475,0.131944444444444,0.22,-0.499999999999994,-0.446969696969697,-0.107619720370726,1.45052804050047,0.59375,0,"0","0","0","1",8.67418355555552
1.125,0.0666666666669982,-0.755745581271783,-0.0773499786943027,0.354838709677419,0.336115030082796,0.99999999999998,1.58318898521037,-0.299999999999999,-0.766142300958022,-1.4152329881449,0.0694444444444444,0.3,0,-0.969696969696969,0.25988870241731,1.45052804050047,0.28125,0.250000000000018,"0","0","0","1",8.70672
-0.208333333333377,1.26666666666703,0.65841376090611,-0.233429284033667,0,-0.565243969901267,1.50000000000003,1.68171535618198,-0.25,-0.766142300958022,-0.286101373424207,0.104166666666667,-0.08,0.666666666666675,-0.333333333333333,-0.229330626423523,0.64381710818536,-0.34375,0,"0","0","1","0",8.32129866666667
0,-0.266666666666998,0.75323731258664,-0.351711666002317,-0.516129032258065,0.231132113274613,1,1.19307810715598,-0.199999999999999,-0.766142300958022,-0.428605509041083,0.0694444444444444,-0.1,2.16666666666667,-0.21969696969697,0.194079912376609,0.64381710818536,-0.34375,0,"0","0","1","0",8.38735422222222
0.124999999999997,-0.333333333333002,1.0601269538613,0.0385043201549896,-0.0645161290322581,-0.565243969901267,0,-1.21487578510988,-0.149999999999999,-0.766142300958022,0.28751477532373,0.0972222222222221,0.2,0,-0.439393939393939,0,0,-0.28125,-1.49999999999996,"0","1","0","0",8.67126377777779
1.25,-0.266666666666998,0.0908580467360215,-0.835621279924435,-0.161290322580645,-0.263487083206343,0,-1.30080632359453,-0.149999999999999,-0.766142300958022,-1.27551198828199,0.0972222222222221,0.22,-0.833333333333331,-0.420454545454545,-0.00156838749772453,0.64381710818536,0.0937499999999999,0.250000000000018,"0","0","0","1",8.71952599999999
1.125,-0.133333333333002,0.010133537446247,0.0768955195908763,-0.0322580645161291,-1.10599717379117,0,-1.07075867038078,-0.149999999999999,-0.766142300958022,-1.4152329881449,0.201388888888889,0.18,-1.33333333333333,-0.617424242424242,-0.070585805605856,0.333057403061324,0.0937499999999999,0.250000000000018,"0","0","0","1",8.70122622222223
-0.166666666666687,-0.866666666667034,0.110944189156666,-0.116196632495583,0.516129032258065,0,1,-1.27220780544327,-0.25,-0.766142300958022,0,0.0833333333333335,0.2,-0.166666666666657,-0.890151515151515,-0.00782680079262446,0.933102957855919,-0.28125,-0.999999999999964,"0","1","0","0",8.70127733333333
0.45833333333331,-0.6,0.280162425622383,1.21348060663441,-0.354838709677419,-0.127357501337205,-1,0.619914509300239,-0.199999999999999,-0.766142300958022,0.576393520671504,0.104166666666667,0.22,1,-0.159090909090909,-0.0249127652629284,0.333057403061324,-0.28125,-0.249999999999982,"1","0","0","0",8.64198422222223
0.20833333333331,-0.466666666666998,0.504879094146046,0.380011045367803,-0.967741935483871,0.231132113274613,0,0.619914509300239,-0.299999999999999,-0.766142300958022,1.15806257761096,0.131944444444444,0.2,0.166666666666669,-0.670454545454545,-0.0615590998721901,0.933102957855919,-0.28125,-0.249999999999982,"1","0","0","0",8.7307608888889
-0.208333333333377,-0.133333333333002,0.620241139748322,-0.835621279924435,1.35483870967742,0.527529958573492,0.49999999999999,-0.542639739319748,0.75,-0.766142300958022,0.28751477532373,0.0902777777777776,0.2,0,-1.07954545454545,0.113577414804113,0.933102957855919,-0.34375,0,"0","1","0","0",8.69289133333332
-0.375000000000003,0,-0.329418495149124,0.528942269019454,-1.2258064516129,-0.127357501337205,2,-0.121839403350427,-0.25,-0.766142300958022,0.143583889981618,0.104166666666667,0.2,-0.333333333333325,-0.68560606060606,-0.0585382365207381,0.64381710818536,-0.28125,0.5,"0","1","0","0",8.7613302222222
1.04166666666662,0.933333333333002,-0.690731069638949,-0.511078573598543,-0.903225806451613,-0.409163131158555,-0.50000000000001,-1.35786833894681,-0.149999999999999,-0.766142300958022,-1.4152329881449,0.125,0.22,-0.166666666666657,-1.51515151515151,-0.0310805969065021,0.64381710818536,0.28125,0.5,"0","0","0","1",8.68299377777779
-0.75,-0.266666666666998,1.19664533818243,0.342507386861077,1.12903225806452,-0.263487083206343,0.49999999999999,-0.333336388172529,-0.149999999999999,-0.766142300958022,0.143583889981618,0.0902777777777776,-0.02,1.50000000000001,-0.178030303030303,-0.0570255599456417,0,2.71875,-0.249999999999982,"0","0","1","0",8.45410466666668
0.20833333333331,0.333333333333002,0.0606577685884462,0.115174088818769,0.967741935483871,0.336115030082776,0,0.432066291018786,-0.199999999999999,-0.766142300958022,1.01216959787945,0.118055555555556,-0.48,1,0.162878787878788,0.00944214796769991,0.64381710818536,1.09375,0.250000000000018,"0","0","1","0",8.51646911111113
-0.0416666666666898,-0.133333333333002,0.639344920655315,0.380011045367803,0.870967741935484,0.697169241542908,0.500000000000013,-0.572361006352931,-0.199999999999999,-0.766142300958022,0.431786597792554,0.076388888888889,-0.08,1.83333333333333,-0.996212121212121,-0.047918042133326,0.64381710818536,1.03125,-1.74999999999998,"0","1","0","0",8.65446399999999
0,0.133333333333002,-0.194376816229576,0.0385043201549896,-0.483870967741935,-1.3143754098858,-0.499999999999988,-0.542639739319748,-0.149999999999999,-0.766142300958022,0,0.0833333333333335,-0.1,-0.333333333333325,-0.333333333333333,-0.0372243447073175,1.20173473431224,0.28125,-0.749999999999982,"0","1","0","0",8.75515600000002
-0.083333333333374,0.266666666666998,0.562719154861501,-0.0773499786943027,-0.161290322580645,-1.3143754098858,-0.50000000000001,0.65137853806191,-0.199999999999999,-0.766142300958022,0.143583889981618,0.145833333333333,-0.06,-0.166666666666657,-1.46969696969697,-0.0372243447073175,1.45052804050047,0.78125,-0.249999999999982,"0","1","0","0",8.73462533333331
-0.416666666666687,-0.2,-0.142883636718701,-0.471057730980546,0.225806451612903,0,0,-0.512873655322345,-0.0999999999999996,-0.766142300958022,0.576393520671504,0.138888888888889,-0.06,-0.499999999999994,-0.409090909090909,-0.0418163686339381,0.933102957855919,0.78125,0,"0","1","0","0",8.75094377777778
0.895833333333312,-1.60000000000004,-0.0814149677884288,-0.471057730980546,-1,-0.127357501337205,-0.50000000000001,0.588495038787616,-0.199999999999999,-0.766142300958022,-0.853845713313462,0.076388888888889,0,-0.166666666666657,-0.121212121212121,-0.0418163686339381,1.45052804050047,1.84375,0.5,"0","0","0","1",8.73552199999999
-0.666666666666687,2.06666666666703,-1.94704670770706,0.602764293256766,-0.774193548387097,-0.409163131158585,2,1.22534307013394,-0.25,-0.766142300958022,0,0.0972222222222221,-0.04,-0.666666666666663,-0.0416666666666664,-0.0356906639726991,1.45052804050047,3.53125,0.250000000000018,"0","1","0","0",8.72147488888889
-0.25,-0.4,0.100905846333783,-1.12613213124132,0.096774193548387,0.982742853815137,0,1.12868151214229,-0.149999999999999,-0.766142300958022,0.28751477532373,0.125,-0.1,0,-0.28030303030303,-0.0418163686339381,1.68029417316288,2.34375,0,"0","1","0","0",8.75714377777777
-0.125000000000003,0.133333333333002,0.220745748709838,0.712703079446081,0.193548387096774,0,-0.50000000000001,0.307726016537748,0.75,-0.766142300958022,0.431786597792554,0.291666666666667,-29.82,-0.166666666666657,0.382575757575757,-0.00782680079262446,0.933102957855919,0.53125,0.250000000000018,"0","1","0","0",8.57176422222221
-0.29166666666669,-0.266666666666998,0.75323731258664,0.45469241137736,-0.483870967741935,-0.912539755042787,-1,-0.0914466148032022,-0.149999999999999,-0.766142300958022,0,0.104166666666667,-0.06,1.50000000000001,0.382575757575757,-0.0402871965673217,0,3.90625,0.250000000000018,"0","1","0","0",8.55522577777777
-0.125000000000003,-0.733333333333037,0.427259483553217,-0.351711666002317,-0.258064516129032,0.614869447267686,1,0.307726016537748,-0.199999999999999,-0.766142300958022,0.143583889981618,0.0972222222222221,-0.08,1.33333333333334,0.382575757575757,-0.047918042133326,0,3.28125,0,"0","1","0","0",8.57580666666667
-0.333333333333374,-1.20000000000004,0.76267223395992,1.62726959262255,-0.741935483870968,0.614869447267686,-0.50000000000001,-0.273132414191513,-0.149999999999999,-0.766142300958022,0.143583889981618,0.118055555555556,-0.06,0.833333333333331,-0.46969696969697,-0.0418163686339381,-0.35618289181464,3.09375,-0.5,"0","1","0","0",8.59696066666665
-1.16666666666669,-0.866666666667034,0.6488837021509,-0.591481678038229,-0.129032258064516,-0.409163131158555,2.50000000000003,-0.602037449373795,-0.199999999999999,-0.766142300958022,0.28751477532373,0.111111111111111,-0.04,1.33333333333334,-1.05681818181818,-0.0249127652629284,0,4.34375,-0.5,"0","1","0","0",8.58489488888889
-0.54166666666669,0.8,0.280162425622383,-0.431156650965053,-0.193548387096774,-0.912539755042754,2,-0.152187472280324,0.700000000000001,-0.766142300958022,1.74467633175641,-0.131944444444444,-28.18,2.16666666666667,0.231060606060606,0.584232383027827,0.333057403061324,5.84375,-0.249999999999982,"0","0","1","0",8.49659777777777
-0.833333333333374,0.2,1.0142127483889,0.229338878341232,-0.645161290322581,0.11928531806493,2,0.214939346345288,0.350000000000001,-0.766142300958022,0.28751477532373,0.076388888888889,-0.06,0,-0.170454545454545,0.017352328801636,0,2.90625,0,"0","0","1","0",8.41502177777777
0.416666666666626,0.0666666666669982,0.601102318555362,1.21348060663441,-1.12903225806452,-0.912539755042787,-0.50000000000001,0.214939346345288,0.300000000000001,-0.766142300958022,-1.13536770001783,0.0833333333333335,-0.02,1,0.291666666666666,-0.00938762227724842,-0.736322906116345,1.65625,1,"0","0","0","1",8.53320777777776
0.95833333333331,1.20000000000004,0.995789350641065,0.0768955195908763,-0.774193548387097,1.10334540271779,-2.25514051876985e-14,-1.01279715253209,0.300000000000001,-0.766142300958022,-1.4152329881449,-0.00694444444444454,-0.06,0.333333333333337,-0.367424242424242,0.0493735630784101,-0.736322906116345,2.59375,0.5,"0","0","0","1",8.55551422222223
0.416666666666626,0.133333333333002,0.949585759801428,-1.72627401471031,0.290322580645161,0,0.500000000000013,-0.303256781700707,0.25,0.430015407498644,0.143583889981618,-0.236111111111111,-2.04,0.166666666666669,-0.409090909090909,0.0919160493009384,-0.35618289181464,1.09375,0,"1","0","0","0",8.54294755555554
-0.0416666666666898,0.266666666666998,0.949585759801428,-0.194235778824499,-0.32258064516129,-0.565243969901292,1.49999999999999,-0.837834479058539,0.300000000000001,0.55170420028932,-0.286101373424207,-0.229166666666666,-0.06,0.500000000000006,0.416666666666666,0.28718466503193,-0.35618289181464,0.84375,0,"1","0","0","0",8.50297022222222
-0.54166666666669,0.0666666666669982,1.0142127483889,0.565906532249203,-0.129032258064516,-0.732682713787891,-1,-1.01279715253209,1.8,-0.581752987744273,1.45077033101339,0.3125,-16.36,0.500000000000006,-1.09469696969697,0.466450330099881,0.64381710818536,1.34375,-0.249999999999982,"0","1","0","0",8.65576844444445
0.75,0.666666666666998,-0.0304582484535171,0.417405898233023,-0.838709677419355,0,0.49999999999999,0.463262871204277,0.300000000000001,0.266785564769769,-1.13536770001783,0.104166666666667,-2,-0.166666666666657,-0.325757575757575,0.190584040182196,0,0.78125,0.250000000000018,"0","0","0","1",8.71075666666667
0.874999999999997,0.133333333333002,-0.163451415325635,1.21348060663441,-0.67741935483871,-0.732682713787891,-0.50000000000001,-0.0914466148032022,0.300000000000001,0.209491600705999,-1.13536770001783,0.159722222222222,-1.98,-0.499999999999994,0.170454545454546,0.373131156916155,0,0.59375,0,"0","0","0","1",8.69396622222221
-0.666666666666687,-0.466666666666998,0.800326284658833,0.342507386861077,-0.129032258064516,-0.73268271378786,-1,1.68171535618198,-0.199999999999999,0.199533289375676,0.866590356237496,0.111111111111111,-1.98,-0.166666666666657,-0.465909090909091,0.222272998607748,0,1.15625,0.749999999999982,"0","1","0","0",8.76734022222221
-0.54166666666669,-0.133333333333002,0.819102098118364,-0.272739423971621,-0.903225806451613,-1.10599717379117,-1,-0.86710718666609,0.350000000000001,0.50347142063009,0.28751477532373,0.0972222222222221,-2.74,1.16666666666667,-1.06060606060606,0.0364918851609228,1.45052804050047,4.21875,0,"0","0","1","0",8.64230911111112
-0.833333333333374,-1.93333333333304,1.79340119019531,1.03691260218282,-0.129032258064516,0.434756030098733,0.500000000000013,-0.0305269062859064,0.25,0.594457534531628,0.72132991659019,0.111111111111111,-2.74,1.16666666666667,-0.765151515151515,0.0253005027414797,1.45052804050047,4.28125,0,"0","0","1","0",8.62622755555556
-0.916666666666687,-0.733333333333037,1.30455724650981,0.785471328469112,-1.06451612903226,-1.10599717379114,-1,-0.690797763688246,1.45,0.594457534531628,2.03974561892447,0.0208333333333331,-7.94,1,-0.166666666666666,0.429064493711163,1.45052804050047,1.78125,0.250000000000018,"0","0","1","0",8.60796000000002
1,0.0666666666669982,-0.163451415325635,-0.155158397580739,-0.451612903225806,-0.565243969901292,1,-0.212749423785681,-0.199999999999999,0.571666084284202,-1.13536770001783,0.0555555555555554,-0.92,-1.49999999999999,-0.416666666666666,-0.0660791774983632,0.64381710818536,0.40625,0.250000000000018,"0","0","0","1",8.70835044444443
-0.5,-0.933333333333037,1.12406278916584,0.0385043201549896,-0.806451612903226,0.69716924154292,5,0,0.300000000000001,0.44141079678033,0.143583889981618,0.0902777777777776,-1.86,0.833333333333331,-0.893939393939393,-0.0279996934438551,-0.736322906116345,1.03125,-0.5,"0","1","0","0",8.64288622222221
-0.125000000000003,-0.6,-0.0610032488162133,1.52511713978742,0.483870967741935,0.231132113274613,0.500000000000013,-0.0610091134989767,1.3,-0.701828822571908,1.74467633175641,0.152777777777778,-24.68,4.99999999999999,-0.814393939393939,0.73381274336065,-0.736322906116345,5.03125,1.5,"1","0","0","0",8.58360177777777
-0.583333333333374,1.13333333333304,0.865893033844244,0.0768955195908763,-0.709677419354839,-0.263487083206343,0,0.0611878825066979,0.300000000000001,0.499931831849921,0.143583889981618,0.104166666666667,-1.84,-0.166666666666657,-0.984848484848485,0.0509906484090016,0,1.53125,1,"0","1","0","0",8.70678511111111
0.124999999999997,-1.06666666666703,0.68695172454758,1.99467189582565,-0.612903225806452,-0.127357501337205,-0.50000000000001,-0.542639739319748,-0.199999999999999,0.584753545601378,1.89206766488192,0.131944444444444,-3,2.83333333333333,-0.776515151515151,-0.0735827587075511,-0.736322906116345,10.03125,0.749999999999982,"1","0","0","0",8.54830688888889
0,-0.133333333333002,0.59151973661189,-0.0386179342185865,0.838709677419355,0.231132113274613,0,-0.954655909455668,-0.199999999999999,0.422338863276197,0,0.104166666666667,-1.1,-0.333333333333325,-0.503787878787879,0.0284904233910119,0,1.21875,0.250000000000018,"0","1","0","0",8.68457955555554
-0.375000000000003,-0.133333333333002,1.39361413270333,0.380011045367803,0.161290322580645,-1.10599717379117,1,-1.04180038073797,-0.199999999999999,0.271383715143443,0,0.0902777777777776,0.22,0.166666666666669,-0.0492424242424239,-0.00313526085903279,0.333057403061324,1.15625,-0.249999999999982,"0","1","0","0",8.63243177777779
0.374999999999997,1.13333333333304,0.696447016040214,-1.04249436103751,0.806451612903226,0.69716924154292,0.500000000000013,-0.954655909455668,1.25,0.568367050233021,-0.994809341721671,0.0555555555555554,-0.92,0.333333333333337,-0.856060606060606,0.133804528439227,0.933102957855919,1.03125,-0.249999999999982,"1","0","0","0",8.61121222222223
0.624999999999997,-0.333333333333002,0.875225842521741,0.417405898233023,0.0322580645161291,0.231132113274613,0.500000000000013,-0.690797763688246,-0.199999999999999,0.410701176057982,-1.69336596607087,0.0833333333333335,0.3,0.500000000000006,-0.753787878787879,-0.029540898030218,0.64381710818536,2.21875,-0.249999999999982,"0","0","0","1",8.60141133333332
-0.333333333333374,-1.13333333333304,0.151003268873471,0.893846121687834,-0.645161290322581,-0.127357501337205,-0.50000000000001,-0.89633499906513,-0.199999999999999,0.341729044736587,0.143583889981618,0.0902777777777776,-0.86,-0.333333333333325,-0.954545454545454,0.072152105235889,0.333057403061324,2.34375,0,"0","1","0","0",8.70800977777779
0.124999999999997,-0.2,1.42901812478012,-0.876744309770906,1.54838709677419,0.119285318064907,0.500000000000013,-0.542639739319748,-0.199999999999999,0.126020644441232,0,0.104166666666667,-0.92,-0.666666666666663,-0.59469696969697,0.0526092631877325,0,2.59375,-0.249999999999982,"0","1","0","0",8.70529622222221
0.083333333333313,0.333333333333002,0.220745748709838,0,-1.03225806451613,-0.732682713787891,0,0.40091430879483,-0.199999999999999,0.316026815961415,0.72132991659019,0.0833333333333335,-0.88,-0.166666666666657,0.0833333333333336,0.110227906573324,0.933102957855919,1.46875,-0.749999999999982,"0","1","0","0",8.74894666666667
-0.0416666666666898,-0.133333333333002,0.995789350641065,-1.63893299563642,-0.0967741935483872,0,3,0.338744164878193,-0.199999999999999,0.474777508017988,0.576393520671504,0.104166666666667,-0.94,-0.666666666666663,-0.356060606060606,0.106884582166376,0.933102957855919,0.59375,-0.249999999999982,"0","1","0","0",8.74408422222223
-0.79166666666669,1.46666666666703,0.30974622110886,1.49087660679009,-0.0967741935483872,-1.3143754098858,1,0.494504042704014,-0.199999999999999,0.474777508017988,0.431786597792554,0.0972222222222221,-0.96,1.16666666666667,-0.200757575757575,0.202847042614123,0.64381710818536,4.71875,0.250000000000018,"0","0","1","0",8.42803888888889
-1,-1.60000000000004,0.921763645814994,-0.0386179342185865,-0.483870967741935,0.119285318064907,2,-0.182490814720346,-0.25,0.252835426983548,-0.143230601726218,0.125,0.12,3,-0.681818181818181,0.157685404939796,0,2.78125,0.5,"0","0","1","0",8.45927755555554
-0.375000000000003,-0.333333333333002,1.53448887362715,-0.835621279924435,0.225806451612903,-0.409163131158555,-0.50000000000001,0.0918488451157739,-0.149999999999999,-0.0267961387311608,0,0.0972222222222221,-0.82,1,-0.348484848484848,0.224048437272759,0,2.59375,-0.999999999999964,"0","0","1","0",8.49861444444447
-0.375000000000003,-1.06666666666703,1.37586542994458,-0.471057730980546,0.258064516129032,0.527529958573479,0,-0.837834479058539,-0.149999999999999,0.398911710063387,-0.286101373424207,0.0833333333333335,-0.94,0.500000000000006,-0.257575757575757,0.0558510829345766,-0.736322906116345,1.28125,-0.749999999999982,"0","1","0","0",8.64468933333335
-0.416666666666687,-1.13333333333304,1.09671066248959,-0.511078573598543,-0.419354838709677,0,0,-0.89633499906513,-0.199999999999999,0.410701176057982,-0.428605509041083,0.0833333333333335,-0.96,0.166666666666669,-0.28030303030303,0.0754307201752899,-0.736322906116345,1.21875,0,"0","1","0","0",8.64874555555554
1.04166666666662,-0.800000000000036,1.40247679145892,-0.753748660263087,1.19354838709677,0.848061818400621,0.99999999999998,0.0611878825066979,-0.199999999999999,0.541568832981717,-1.55452103151475,0.152777777777778,-0.86,1.83333333333333,0.435606060606061,0.125349443827309,0.64381710818536,0.84375,-0.5,"0","0","0","1",8.59767444444447
0.91666666666662,-1.00000000000004,0.629797404001688,-0.431156650965053,-0.935483870967742,-0.263487083206343,-0.50000000000001,-0.393361290204559,-0.199999999999999,0.506997918065141,-1.27551198828199,0.0833333333333335,-1.9,0,-0.988636363636363,0.113577414804113,0,0.65625,-0.249999999999982,"0","0","0","1",8.67132355555555
-0.5,-0.733333333333037,0.912472877826992,-0.471057730980546,-0.225806451612903,-0.127357501337205,2,-0.423306571833685,-0.25,0.422338863276197,-0.143230601726218,0.145833333333333,-0.76,0.166666666666669,-0.829545454545454,0.0157672550453695,0,-0.85625,-0.749999999999982,"0","1","0","0",8.67466733333331
-0.416666666666687,-1.13333333333304,1.23274352257241,-1.38015225497254,0.161290322580645,-0.263487083206343,1.49999999999999,-0.212749423785681,-0.199999999999999,0.402858706642937,0.431786597792554,0.0902777777777776,-0.82,0.333333333333337,0.159090909090909,0.0284904233910119,0,-0.75625,-0.5,"0","1","0","0",8.67671466666664
-0.0416666666666898,-0.2,0.110944189156666,-1.16814372284132,-0.451612903225806,-0.263487083206343,0.49999999999999,-0.86710718666609,-0.199999999999999,0.597671401470466,0,0.0833333333333335,-0.98,-0.166666666666657,-1.14015151515151,0.0509906484090016,0.64381710818536,-0.79375,-0.999999999999964,"0","1","0","0",8.68334422222224
-0.333333333333374,0.0666666666669982,-0.112105410753064,-0.155158397580739,-0.290322580645161,0,-0.50000000000001,-0.89633499906513,-0.199999999999999,0.680818751376362,0.143583889981618,0.076388888888889,-0.94,0.500000000000006,-0.579545454545454,0.060725294942774,0.933102957855919,-0.675,-0.249999999999982,"0","1","0","0",8.67528155555557
-0.583333333333374,-1.06666666666703,-0.0508119192267568,1.66113198788463,0.709677419354839,0,-0.50000000000001,-0.808516883421307,-0.199999999999999,0,0.28751477532373,0.0902777777777776,-0.82,0.166666666666669,0.409090909090909,0.0141837005488731,-0.35618289181464,-0.8125,0.250000000000018,"0","1","0","0",8.61022311111111
-0.458333333333377,-0.266666666666998,-0.26688222511063,0.857824284919302,-0.129032258064516,-0.565243969901267,-0.499999999999988,-0.363371226660233,-0.149999999999999,-0.0618745665328321,-0.143230601726218,0.0972222222222221,-0.82,0.333333333333337,-1.08712121212121,0.0221166702761352,-0.35618289181464,-0.8125,-0.5,"0","1","0","0",8.65266799999999
-0.666666666666687,-1.00000000000004,0.77209857975439,1.66113198788463,0.129032258064516,-0.73268271378786,-1,-0.572361006352931,-0.199999999999999,0.0687523219801147,-0.286101373424207,0.104166666666667,-0.8,-0.166666666666657,-0.553030303030303,0.0493735630784101,0.333057403061324,-0.76875,-0.5,"0","1","0","0",8.69816822222222
0.20833333333331,0.733333333333002,0.290032884987666,-0.194235778824499,0.290322580645161,-0.409163131158555,0,-0.983748993022674,-0.25,0.619885802436011,-0.143230601726218,0.159722222222222,-0.74,0.333333333333337,-1.07954545454545,0.0221166702761352,0.333057403061324,-0.825,-0.249999999999982,"0","1","0","0",8.60126088888889
0.66666666666662,-1.33333333333304,1.58681144173847,-0.351711666002317,0.161290322580645,0.434756030098752,1,-0.86710718666609,-0.299999999999999,0.0921970655944056,0.576393520671504,-0.0208333333333331,-9.5,0.833333333333331,-1.18181818181818,0.155969511459173,-0.35618289181464,-0.875,-0.249999999999982,"1","0","0","0",8.56948866666666
1.25,-1.26666666666703,1.0142127483889,0.712703079446081,-0.612903225806452,-1.3143754098858,0.500000000000013,-0.983748993022674,-0.149999999999999,0.683773471241586,-1.4152329881449,0.0624999999999999,0.2,0.166666666666669,-0.920454545454545,-0.0326187905424061,0,-0.78125,0.250000000000018,"0","0","0","1",8.53804133333331
0.583333333333313,-0.933333333333037,2.27550281713667,-0.876744309770906,1.25806451612903,0.434756030098752,1,-1.24356429015844,-0.199999999999999,0.584753545601378,-1.55452103151475,0.145833333333333,0.2,0.500000000000006,-0.874999999999999,-0.0463948750311382,0,-0.75625,-0.249999999999982,"0","0","0","1",8.52124266666667
0.75,-2.33333333333304,2.59458110544485,-0.753748660263087,1.80645161290323,-0.263487083206343,0,-1.44312369841866,0.800000000000001,-0.475366277251454,1.15806257761096,0.458333333333333,-3.92,2.33333333333334,-0.571969696969697,0.14229842109382,-0.736322906116345,-0.675,-0.749999999999982,"1","0","0","0",8.52514599999998
0.66666666666662,-0.133333333333002,1.66478553831009,-0.0773499786943027,-0.935483870967742,-0.409163131158555,0.500000000000013,1.45244163866822,0.9,0.534752874066646,1.5975757873343,-0.569444444444445,-3.92,0.666666666666675,-0.916666666666666,0.329734356707196,0.333057403061324,-0.425,0.749999999999982,"1","0","0","0",8.57320155555557
-0.416666666666687,-0.133333333333002,1.63020553022821,-0.917992566663452,1.7741935483871,-0.263487083206343,0,0.809366825731666,0.850000000000001,-0.507831416021762,0.28751477532373,-1.28472222222222,-3.76,1.33333333333334,-0.140151515151515,0.224048437272759,-0.736322906116345,0.3875,0.250000000000018,"0","1","0","0",8.48565399999994
-0.208333333333377,0,0.77209857975439,-0.233429284033667,1.16129032258065,0.774790026769093,-0.499999999999988,0.525789798882177,0.9,-0.561922706092739,0.143583889981618,-1.08333333333333,-3.76,-0.166666666666657,-1.09848484848485,0.118613279792761,-0.35618289181464,0.59375,0.5,"0","1","0","0",8.54070088888889
-0.125000000000003,0.8,-0.832082542461446,-0.233429284033667,-1,0.434756030098733,0.500000000000013,-0.0305269062859064,0.800000000000001,-0.171779134831758,0.28751477532373,-1.29166666666667,-2.94,0,0.215909090909091,0.222272998607748,-0.35618289181464,0.75625,-0.999999999999964,"0","1","0","0",8.47689088888888
0.5,-0.266666666666998,0.931046040994316,0.929765442354646,-0.0322580645161291,0.119285318064907,0,-0.0610091134989767,0.850000000000001,-0.106630481351868,-1.27551198828199,-1.30555555555556,-0.92,0.333333333333337,0.253787878787879,0.130417840805472,-1.57181946025828,-0.0250000000000001,-0.249999999999982,"1","0","0","0",8.4240813333333
0.333333333333313,-0.4,0.995789350641065,0.191395284669653,-1.12903225806452,0.614869447267686,0,0.619914509300239,0.800000000000001,-0.0476189384420345,-0.994809341721671,-1.30555555555556,-0.04,0.666666666666675,-1.05681818181818,0.14400186157762,-1.57181946025828,0,-0.249999999999982,"1","0","0","0",8.51146422222219
0.416666666666626,-1.00000000000004,0.533839054649475,0.0768955195908763,-0.161290322580645,-1.10599717379117,-0.50000000000001,0.276752492863379,0.75,-0.114406566992312,-0.994809341721671,-1.10416666666667,-0.8,0.666666666666675,-0.0681818181818181,0.128726824337122,-1.57181946025828,0.00624999999999996,-0.999999999999964,"1","0","0","0",8.50540777777778
-0.25,0.333333333333002,-0.0610032488162133,-1.12613213124132,-0.0967741935483872,-1.10599717379117,-0.499999999999988,0.276752492863379,0.700000000000001,-0.0267961387311608,0.143583889981618,-1.26388888888889,-1.96,0,-0.333333333333333,0.0590990260072926,-1.57181946025828,0.10625,4.99999999999993,"0","1","0","0",8.58844022222226
-0.208333333333377,-0.666666666667034,1.0601269538613,-0.0386179342185865,1.45161290322581,0.336115030082776,0.49999999999999,0.307726016537748,0.9,0.00653754608771482,0.431786597792554,-1.25694444444444,-1.82,-0.166666666666657,0.143939393939394,0.154255176185459,-1.14125542007639,0.2625,4.74999999999995,"0","1","0","0",8.57508155555559
-0.208333333333377,-0.733333333333037,0.299894145709923,-1.00086702277212,-0.451612903225806,0.614869447267686,0,0.245823600560268,0.600000000000001,-0.0547080139780332,-0.143230601726218,-1.27777777777778,-1.36,-0.166666666666657,-0.962121212121212,0.166288261248796,-1.14125542007639,0.2625,4.99999999999993,"0","1","0","0",8.57633355555559
-0.375000000000003,-0.0666666666669982,0.553101307015004,-0.351711666002317,0.225806451612903,-1.3143754098858,-0.50000000000001,0.245823600560268,0.600000000000001,0.0567388175745203,0.28751477532373,-1.28472222222222,-1.4,-0.166666666666657,-1.08333333333333,0.204605177918553,-0.35618289181464,0.13125,4.24999999999995,"0","1","0","0",8.58446600000003
0,-0.6,0.828477243960811,-0.312166712381456,0.387096774193548,-0.409163131158555,-0.499999999999988,-0.152187472280324,0.700000000000001,0.209491600705999,-0.428605509041083,-1.25,-1.78,2.33333333333334,-1.46212121212121,0.249070231085813,0.333057403061324,0.03125,4.99999999999993,"1","0","0","0",8.52781200000001
-0.708333333333377,0,1.05096055701916,0.45469241137736,-0.290322580645161,0,1.50000000000003,0.153304779105949,0.9,0.219326966763813,0.28751477532373,-0.25,-1.26,0.333333333333337,-0.818181818181818,0.206364884020228,-0.35618289181464,-0.00624999999999996,5.49999999999993,"0","1","0","0",8.65275644444449
-1.08333333333337,0,1.31349830238009,0.639516004963772,-0.419354838709677,0.231132113274629,-0.50000000000001,0.030571598534825,0.800000000000001,0.109301264241451,1.30426440027803,-1.28472222222222,-0.8,0.666666666666675,-0.0719696969696968,0.192331192449198,0,0.0187499999999999,5.24999999999995,"0","0","1","0",8.45051755555553
-0.25,0,0.65841376090611,-0.712997958178272,0.096774193548387,-0.409163131158585,-0.499999999999988,0.307726016537748,0.800000000000001,0.0921970655944056,0.431786597792554,-0.583333333333333,-0.8,0.666666666666675,-0.318181818181818,0.206364884020228,0,-0.0187500000000001,4.99999999999993,"0","0","1","0",8.46541777777774
-0.333333333333374,-0.666666666667034,0.601102318555362,1.86235467764734,-0.0322580645161291,-0.409163131158555,-0.50000000000001,0.0918488451157739,1.7,0.109301264241451,1.74467633175641,-0.569444444444445,-0.74,2,-0.121212121212121,0.413498644541966,0,0.11875,5.24999999999995,"0","0","1","0",8.43939777777776
0,0.6,0.230671681120606,1.92869443479221,1.32258064516129,-0.263487083206343,0,-0.303256781700707,0.800000000000001,-0.163242377409921,0.431786597792554,-1.30555555555556,-0.84,0.833333333333331,0.314393939393939,0.202847042614123,0,-0.1125,4.74999999999995,"0","1","0","0",8.49096555555559
-0.083333333333374,-0.0666666666669982,0.809718449016227,0.153340515542256,1.90322580645161,0,2.5,0.030571598534825,0.700000000000001,-0.163242377409921,0,-1.25,-0.82,0.666666666666675,-1.0530303030303,0.192331192449198,0,-0.08125,4.74999999999995,"0","1","0","0",8.53792666666669
-0.25,1.20000000000004,-0.821144975423378,0.267171775944871,-0.354838709677419,-1.10599717379114,-0.499999999999988,0.122554479574172,0.850000000000001,-0.00660054837313307,0.143583889981618,-0.9375,0.1,0.333333333333337,-0.81060606060606,0.181871778043677,0,0.35625,-0.5,"0","1","0","0",8.55926022222226
-0.29166666666669,0.266666666666998,-0.487351326245589,-0.391374804595265,-0.903225806451613,0,0,0.40091430879483,1.55,-0.0476189384420345,0,-0.930555555555556,0.2,-0.333333333333325,-0.643939393939393,0.278046303524143,0.333057403061324,0.0437499999999999,-0.5,"0","1","0","0",8.62680555555559
-0.083333333333374,0.266666666666998,-0.766618656919746,1.24849637762756,-1.12903225806452,0.774790026769093,2,0.122554479574172,1.1,0.0687523219801147,-1.13536770001783,-0.826388888888889,-24.96,0.166666666666669,-0.416666666666666,0.670849585765726,0.64381710818536,0.00624999999999996,0.250000000000018,"0","1","0","0",8.60861888888889
-0.166666666666687,0.2,-0.215043076129755,-0.0386179342185865,0.129032258064516,-0.409163131158585,0,0.338744164878193,0.850000000000001,0.0320869060436673,-0.143230601726218,-0.916666666666667,0.04,-0.166666666666657,-0.034090909090909,0.194079912376609,0.64381710818536,0.0124999999999999,-0.5,"0","1","0","0",8.63855555555557
1.41666666666662,-0.2,-0.669144487331589,0,-0.967741935483871,-0.409163131158555,0,0.369806931191189,-0.25,-0.701828822571908,-0.853845713313462,-0.909722222222222,0.08,0.333333333333337,-0.84090909090909,0.0413110619916816,-0.736322906116345,-0.15625,0.749999999999982,"0","0","0","1",8.71756777777779
1.125,-0.4,-1.03082286533702,0.528942269019454,-0.774193548387097,0,0,0.494504042704014,-0.149999999999999,-0.732228858436205,-1.4152329881449,-0.0902777777777776,-0.96,0.666666666666675,-0.825757575757575,-0.049439709172829,-1.14125542007639,-0.125,0,"0","0","0","1",8.646098
0.75,-0.866666666667034,-0.194376816229576,-0.876744309770906,0.354838709677419,0.527529958573492,-0.499999999999988,0.307726016537748,-0.149999999999999,0.0194295809178604,-0.853845713313462,-0.951388888888889,-0.38,0.166666666666669,-0.325757575757575,0.0493735630784101,-0.35618289181464,0.15625,0.250000000000018,"0","0","0","1",8.70117777777779
0.083333333333313,0.2,-0.101865528669586,0.153340515542256,-0.967741935483871,-0.409163131158585,0,0.338744164878193,0.700000000000001,0.163651756518394,0.28751477532373,-0.9375,-0.1,-0.833333333333331,0.340909090909091,0.176663203946146,0,-0.11875,-0.5,"0","1","0","0",8.43817444444444
-0.416666666666687,-0.933333333333037,0.809718449016227,-0.0773499786943027,-0.612903225806452,-0.263487083206343,0,0.153304779105949,0.700000000000001,0.0567388175745203,0.143583889981618,-0.9375,-0.06,0.166666666666669,-1.03030303030303,0.169740327016794,0,0.15625,-0.249999999999982,"0","1","0","0",8.54295355555555
0.0416666666666232,-1.46666666666703,-0.173750036631387,0.229338878341232,-0.612903225806452,0.11928531806493,0,0.214939346345288,0.800000000000001,0,0.431786597792554,-0.944444444444445,-0.08,-0.166666666666657,-0.924242424242424,0.181871778043677,0,0.15625,-0.249999999999982,"0","1","0","0",8.53561155555558
-0.125000000000003,-0.6,-0.0406302571888611,0,-0.709677419354839,0.774790026769093,0.500000000000013,-0.0610091134989767,0.850000000000001,-0.275114997501646,0.143583889981618,0.111111111111111,-0.02,-0.166666666666657,-0.874999999999999,0.0836541516924165,0,0,-0.249999999999982,"0","1","0","0",8.65190133333333
-0.29166666666669,-1.33333333333304,0.180948957430083,1.31823338100354,-1.06451612903226,0,1,0.245823600560268,0.800000000000001,-0.207221114617488,0,-1.61805555555556,-0.12,-0.333333333333325,-0.799242424242424,0.183611098742067,0,0.0499999999999999,-1.49999999999996,"0","1","0","0",8.4489822222222
-0.333333333333374,0,0.240588334417061,0.304894454137156,0.290322580645161,-0.127357501337205,0.500000000000013,0.494504042704014,0.9,0.080569083577343,0.143583889981618,-1.65277777777778,-0.1,-0.166666666666657,-0.75,0.197582057006728,0.333057403061324,0.0249999999999998,0,"0","1","0","0",8.53541755555554
-0.333333333333374,-1.46666666666703,1.13316390981844,-0.155158397580739,-0.32258064516129,0,0,0.369806931191189,0.800000000000001,0.398911710063387,0,-1.64583333333333,-0.98,-0.333333333333325,0.303030303030303,0.322273709256036,0.64381710818536,0.0187499999999999,-1.49999999999996,"0","1","0","0",8.44799466666662
-0.166666666666687,0.466666666666998,-0.13261445031276,0.785471328469112,0,0,1.49999999999999,0.184099736947054,0.75,-0.106630481351868,0,-1.61805555555556,0.06,0.166666666666669,0.401515151515152,0.25808166493762,0.64381710818536,0.38125,-0.749999999999982,"0","1","0","0",8.39949577777774
0.833333333333313,-0.4,-1.0531255166735,1.35295542606688,1,-0.409163131158555,-1,0.809366825731666,0.9,-0.189231256541125,-0.994809341721671,-1.65972222222222,-0.96,-0.499999999999994,0.34469696969697,0.25808166493762,0.64381710818536,-0.0375,0,"0","0","0","1",8.50755711111114
-0.208333333333377,-0.533333333333002,0.995789350641065,-0.917992566663452,1.87096774193548,0.119285318064907,1,0.153304779105949,0.450000000000001,-0.0199969601061593,0,-1.625,-0.86,-0.166666666666657,0.291666666666666,0.187094436834467,0.333057403061324,-0.0437499999999999,0.5,"0","1","0","0",8.52024111111115
-0.666666666666687,-0.533333333333002,0.524194624785229,0.191395284669653,-1.16129032258065,-0.263487083206343,0,0.714440244027416,0.800000000000001,-0.0547080139780332,0.143583889981618,-1.60416666666667,-0.68,-0.166666666666657,0.276515151515152,0.25988870241731,0.333057403061324,0.20625,0,"0","1","0","0",8.47188644444442
-0.166666666666687,0.466666666666998,-0.434452298327784,-1.12613213124132,-0.225806451612903,0.614869447267686,0,0.40091430879483,0.850000000000001,-0.040605252497981,-0.143230601726218,-0.576388888888889,-0.92,-0.166666666666657,0.295454545454546,0.190584040182196,-0.35618289181464,-0.0937500000000001,-0.999999999999964,"0","0","1","0",8.35459199999999
-0.375000000000003,-0.0666666666669982,0.0808007765066766,-1.38015225497254,0.193548387096774,0.336115030082796,-0.50000000000001,0.463262871204277,0.75,-0.138336661297455,0.28751477532373,-0.243055555555556,-0.98,0.333333333333337,0.367424242424243,0.194079912376609,0,0.0874999999999999,-0.999999999999964,"0","0","1","0",8.37213044444444
1.125,-1.46666666666703,-2.05623281060238,-0.431156650965053,-1.06451612903226,-0.409163131158585,-0.499999999999988,0.904694077985555,0.4,-0.171779134831758,2.33594534060769,-0.0486111111111113,-29.78,0.166666666666669,0.390151515151515,0.128726824337122,0.333057403061324,0.70625,-0.749999999999982,"0","0","0","1",8.547954
-0.5,1.13333333333304,0.76267223395992,0.342507386861077,0.903225806451613,0.231132113274613,-0.499999999999988,0.369806931191189,1.1,0.0864061945893898,0.28751477532373,-0.986111111111111,-0.72,-0.499999999999994,0.299242424242425,0.231165953514237,-0.35618289181464,0.1625,-0.749999999999982,"0","1","0","0",8.40097622222221
0.541666666666623,-0.266666666666998,-0.864960148242234,0.602764293256766,0.387096774193548,-0.565243969901267,-0.499999999999988,0.0611878825066979,1.95,-0.416896588244422,0.431786597792554,-0.923611111111111,-0.84,-0.166666666666657,0.329545454545455,0.329734356707196,-0.736322906116345,0.11875,0.749999999999982,"1","0","0","0",8.38284422222222
0.583333333333313,-0.6,-0.26688222511063,0,-0.67741935483871,0.848061818400621,0.49999999999999,0.245823600560268,1.05,-0.329426821113815,0.431786597792554,-0.826388888888889,-0.86,-0.666666666666663,0.287878787878788,0.211653431583395,0,0.25625,0.5,"1","0","0","0",8.36847466666667
0.291666666666623,0.133333333333002,-0.204705003803145,-0.155158397580739,0.967741935483871,0.336115030082796,0.49999999999999,0.184099736947054,0.800000000000001,-0.225792778095771,0.28751477532373,-0.0208333333333331,-0.86,0.166666666666669,0.333333333333334,0.169740327016794,0.333057403061324,-0.0375,0.250000000000018,"0","1","0","0",8.47642622222223
0.291666666666623,1.93333333333304,-2.41517366228861,0.965582677556792,-1,-0.127357501337205,0.49999999999999,0.184099736947054,0.9,0.00653754608771482,-0.853845713313462,-0.972222222222222,-0.84,-0.166666666666657,0.352272727272727,0.190584040182196,0.64381710818536,0.45625,1,"0","0","0","1",8.45710222222222
1.20833333333331,0.533333333333002,-0.0814149677884288,0.342507386861077,0.225806451612903,0.527529958573479,0.500000000000013,0.0918488451157739,0.75,0.199533289375676,-0.71248522467627,-0.527777777777778,-0.82,0.166666666666669,0.340909090909091,0.190584040182196,-0.35618289181464,0.00624999999999996,1.24999999999998,"0","0","0","1",8.4760271111111
0.70833333333331,0.666666666666998,0.75323731258664,-0.753748660263087,-1,0.119285318064907,0,0,0.75,0.044520053733646,-0.286101373424207,-0.895833333333333,0.12,2.83333333333333,0.261363636363637,0.120294997314764,-0.736322906116345,-0.0125000000000001,-0.249999999999982,"0","1","0","0",8.33313711111113
0.75,0.333333333333002,0.0808007765066766,0.0385043201549896,0,0.119285318064907,-0.499999999999988,-0.273132414191513,2,-0.0547080139780332,0.431786597792554,-0.944444444444445,0.04,-0.166666666666657,0.412878787878788,0.396111020253457,0,0.0375,0.250000000000018,"1","0","0","0",8.33999688888889
0.66666666666662,-0.333333333333002,-1.07547274881319,-1.68253522842028,-0.129032258064516,-0.565243969901267,-0.50000000000001,0.0918488451157739,0.800000000000001,-0.0764489302114307,-0.994809341721671,-0.9375,-0.92,0.166666666666669,0.401515151515152,0.185351984855902,0.333057403061324,0.0249999999999998,-0.249999999999982,"1","0","0","0",8.31379000000003
-1.25,-0.800000000000036,-2.85039916570513,-0.233429284033667,-0.612903225806452,0.434756030098733,0,0.153304779105949,0.950000000000001,0.0320869060436673,0.28751477532373,-0.9375,-0.98,0.500000000000006,0.359848484848485,0.222272998607748,0,0.325,-0.749999999999982,"1","0","0","0",8.31839222222222
-0.0416666666666898,-0.466666666666998,1.07843516116411,-1.33748849217482,2.16129032258065,-0.912539755042754,1,0.214939346345288,2,-0.0838614124143991,0.143583889981618,-0.555555555555556,-0.36,-0.166666666666657,0.272727272727273,0.303734000655607,0.333057403061324,0.30625,0.250000000000018,"0","1","0","0",8.43188800000001
0.791666666666623,-0.133333333333002,0.68695172454758,0.676162117744319,-0.0322580645161291,0.231132113274613,0.99999999999998,0.525789798882177,-0.149999999999999,-0.216431241000542,-1.27551198828199,-0.923611111111111,-0.98,-1.16666666666666,0.348484848484848,0.0445314791603022,0,0.625,-0.5,"0","0","0","1",8.46704422222221
1.29166666666662,0.866666666666998,-0.551169992604455,-0.917992566663452,-0.709677419354839,0.527529958573492,1.99999999999997,0.276752492863379,0.65,-0.507831416021762,-1.13536770001783,-0.722222222222222,-0.88,-0.333333333333325,0.333333333333334,0.0737906447597034,-0.35618289181464,0.21875,0.749999999999982,"0","0","0","1",8.45084844444443
0,0.933333333333002,-0.0610032488162133,0.267171775944871,0.225806451612903,0.119285318064907,0.49999999999999,0.40091430879483,0.850000000000001,0.219326966763813,-0.286101373424207,0.694444444444445,0.06,0.333333333333337,0.310606060606061,-0.0402871965673217,-1.57181946025828,-0.08125,0,"0","0","1","0",8.41516777777777
0.124999999999997,0.866666666666998,-0.0304582484535171,0.191395284669653,0.741935483870968,-0.565243969901267,-0.50000000000001,0.122554479574172,0.800000000000001,0.238643776859801,-0.286101373424207,-0.944444444444445,0.08,1,0.386363636363636,0.180134022311303,-1.57181946025828,-0.0750000000000001,-1.24999999999998,"0","1","0","0",8.37857466666668
1.29166666666662,-0.733333333333037,-0.788396946963435,-0.753748660263087,0.193548387096774,-0.127357501337205,-0.50000000000001,0.307726016537748,0.100000000000001,0.062770681341588,-0.853845713313462,-0.333333333333333,-0.98,0.666666666666675,0.295454545454546,0.020527035952472,-2.028857613563,-0.0562500000000001,0,"0","0","0","1",8.48788377777775
1.375,-0.800000000000036,-0.551169992604455,-0.591481678038229,0.709677419354839,0.119285318064907,2,0.40091430879483,-0.199999999999999,0.0194295809178604,-1.13536770001783,-0.930555555555556,-0.98,0.833333333333331,0.321969696969697,-0.0187208197318038,-2.028857613563,-0.0250000000000001,0,"0","0","0","1",8.48692644444442
0.374999999999997,0.333333333333002,0.280162425622383,0.115174088818769,0.258064516129032,-0.912539755042787,-0.50000000000001,0.214939346345288,0.800000000000001,0.114916061573539,1.45077033101339,-0.618055555555555,-0.8,0.500000000000006,0.321969696969697,-0.890944501513529,-0.35618289181464,0.40625,0.5,"0","0","1","0",8.34894422222226
0.541666666666623,0.6,-0.777502440016663,-0.835621279924435,0.129032258064516,0.527529958573492,-0.499999999999988,0.65137853806191,0.800000000000001,0.062770681341588,1.45077033101339,-0.590277777777778,-0.86,0.833333333333331,0.272727272727273,-0.893003748783586,-0.736322906116345,0.0874999999999999,-0.5,"0","0","1","0",8.40704911111111
0.083333333333313,-0.333333333333002,-0.277279916004866,0.153340515542256,1.32258064516129,-0.732682713787891,0,0.40091430879483,0.800000000000001,-0.114406566992312,-0.428605509041083,-0.583333333333333,-0.8,0.166666666666669,0.318181818181818,-0.895363896286185,-1.14125542007639,-0.0125000000000001,0,"0","0","1","0",8.45052911111111
-0.375000000000003,-0.2,-0.101865528669586,-0.194235778824499,-1.12903225806452,-1.10599717379117,1.49999999999999,0.214939346345288,0.850000000000001,0.174073053883769,0.143583889981618,-0.604166666666667,-0.84,0.166666666666669,0.409090909090909,-0.895029512124489,-0.736322906116345,-0.5375,0.250000000000018,"0","1","0","0",8.46848311111114
1.25,1.06666666666703,-2.96831335730857,-0.194235778824499,-0.612903225806452,0.231132113274613,0,0.494504042704014,0.850000000000001,0.158387953752509,0.72132991659019,-0.944444444444445,0.08,-0.166666666666657,0.310606060606061,-0.89469420273128,-0.35618289181464,-0.675,-0.249999999999982,"1","0","0","0",8.37223999999996
0.083333333333313,-1.06666666666703,-0.843030915866944,1.76215927882775,0.0645161290322581,-1.10599717379117,0.49999999999999,0.153304779105949,0.75,0.66891573324006,0,-0.944444444444445,-3.9,-0.333333333333325,0.386363636363636,-0.893682715013105,-0.35618289181464,-0.0937500000000001,-0.249999999999982,"1","0","0","0",8.41124533333334
-0.958333333333377,0,-1.95912785102156,0.893846121687834,-0.967741935483871,0.434756030098733,0.49999999999999,0.030571598534825,0.850000000000001,0.0257869057385175,0,-0.909722222222222,-0.8,-0.333333333333325,0.310606060606061,-0.894020804989723,-0.736322906116345,-0.95,-0.249999999999982,"0","1","0","0",8.36798800000001
-0.666666666666687,0.333333333333002,-0.350344264849758,0.304894454137156,-0.0645161290322581,0.119285318064907,1,0.0611878825066979,0.75,0.0506556484316897,0.28751477532373,-0.909722222222222,-0.82,-0.666666666666663,0.416666666666666,-0.893682715013105,0,-0.88125,0,"0","1","0","0",8.33285244444444
1.08333333333331,-0.0666666666669982,0.446718214947674,-0.312166712381456,0.903225806451613,-0.565243969901292,-1,0.338744164878193,-0.699999999999999,0.233857699041978,-1.55452103151475,-0.611111111111111,0.18,-0.166666666666657,0.412878787878788,-0.888851595673049,0.64381710818536,-0.75,0.749999999999982,"0","0","0","1",8.54565866666669
1.29166666666662,0.333333333333002,-0.583219331670942,0.0768955195908763,1,0,-0.50000000000001,0.0918488451157739,-0.199999999999999,-0.216431241000542,-0.994809341721671,0.152777777777778,-0.12,-0.833333333333331,0.348484848484848,-0.89129004208894,-0.35618289181464,-0.7375,-0.249999999999982,"0","0","0","1",8.50594444444443
-0.583333333333374,0.266666666666998,0.75323731258664,0,0.870967741935484,0.848061818400621,0,0.557120133114381,0.850000000000001,-0.0267961387311608,0,0.104166666666667,-0.1,-0.166666666666657,0.363636363636364,-0.890250614669194,-0.736322906116345,-0.95,-0.749999999999982,"0","1","0","0",8.49374466666669
-0.25,-0.133333333333002,-0.52985572513132,-1.08424920449584,0.258064516129032,0.336115030082796,0.49999999999999,0.746037908106816,0.9,-0.225792778095771,0.576393520671504,-0.256944444444445,0,-0.499999999999994,0.276515151515152,-0.891634648508298,-0.736322906116345,-0.95,0.5,"0","1","0","0",8.49217000000001
-0.166666666666687,0.6,-0.0202958788002572,-0.712997958178272,0.903225806451613,0.614869447267686,0.500000000000013,0.557120133114381,0.850000000000001,-0.171779134831758,0.431786597792554,-0.208333333333333,0.08,-0.666666666666663,0.356060606060606,-0.889902266789564,-0.35618289181464,-0.95,0.250000000000018,"0","1","0","0",8.45689466666668
0.770833333333309,1.33333333333304,0.230671681120606,1.21348060663441,0.451612903225806,-0.565243969901267,-0.499999999999988,-0.512873655322345,1.95,0.320364291922541,0.143583889981618,-0.215277777777778,0.06,0.500000000000006,0.378787878787879,-0.895029512124489,-0.35618289181464,-0.95,0,"0","0","1","0",8.39544977777778
0.95833333333331,1.46666666666703,-0.423903200768132,-0.471057730980546,0.516129032258065,1.04468423395267,-1,0.494504042704014,-0.199999999999999,-0.130256371308575,-0.71248522467627,-0.270833333333333,0.02,-0.499999999999994,0.390151515151515,-0.89469420273128,-0.35618289181464,-0.55,-0.249999999999982,"0","0","0","1",8.55549444444445
0.541666666666623,0.266666666666998,-0.225391047923968,1.21348060663441,0.193548387096774,-0.912539755042787,-0.499999999999988,0.904694077985555,1,-0.0132656603004437,0.72132991659019,-0.222222222222222,0.06,0.666666666666675,0.333333333333334,-0.895029512124489,-0.35618289181464,-0.825,-0.249999999999982,"1","0","0","0",8.47567333333336
0.083333333333313,0.8,-0.799302194195,0.821699499002632,0.612903225806452,-0.73268271378786,-1,0.619914509300239,0.9,0.248132233261531,-0.286101373424207,-0.236111111111111,0.02,0.333333333333337,0.367424242424243,-0.890250614669194,0.333057403061324,-0.88125,-0.5,"0","1","0","0",8.44989933333334
-0.416666666666687,0.8,-0.821144975423378,-0.194235778824499,-0.354838709677419,0.774790026769093,1,1.06446273439052,0.850000000000001,0.174073053883769,0.143583889981618,-0.229166666666666,0.04,-1.16666666666666,0.329545454545455,-0.89266287090726,0,-0.95,-0.249999999999982,"0","1","0","0",8.48564111111113
-0.208333333333377,-0.333333333333002,0.280162425622383,-0.351711666002317,-0.548387096774194,0.119285318064907,-0.499999999999988,0.153304779105949,1.25,0.109301264241451,0,-0.229166666666666,0.02,-0.999999999999988,0.291666666666666,-0.893343696548431,0,-0.95,0.250000000000018,"0","1","0","0",8.46342844444445
-0.666666666666687,0.733333333333002,-0.392317047458865,-1.38015225497254,-0.612903225806452,0,0,1.29000629512104,0.850000000000001,0.080569083577343,-0.428605509041083,-0.277777777777778,0.02,-0.499999999999994,0.393939393939394,-0.89266287090726,0.333057403061324,-0.95,0.749999999999982,"0","1","0","0",8.48594533333335
-0.458333333333377,0.466666666666998,-0.755745581271783,0.785471328469112,0.838709677419355,0.917286971001449,0,0.0611878825066979,1.5,0.233857699041978,0.576393520671504,-0.208333333333333,-0.02,-0.333333333333325,0.40530303030303,-0.893003748783586,0.64381710818536,-0.3125,-0.749999999999982,"0","1","0","0",8.48679333333332
1.79166666666662,0.266666666666998,-1.21050014609515,0.565906532249203,-0.774193548387097,-0.732682713787891,1,-0.152187472280324,1.55,0.257511792034231,-1.13536770001783,-1.375,0.06,-0.666666666666663,0.363636363636364,-0.893003748783586,0,-0.35,0,"0","0","0","1",8.53344688888892
1.54166666666662,0.666666666666998,-0.604637700265411,0.965582677556792,0.225806451612903,0.119285318064907,0.500000000000013,0.214939346345288,1.7,0.0194295809178604,-1.13536770001783,-0.819444444444444,0.16,-0.333333333333325,0.299242424242425,-0.895363896286185,-0.35618289181464,-0.15,0.749999999999982,"0","0","0","1",8.52593844444445
0,-0.6,-1.43920643988735,0.528942269019454,0.451612903225806,0.848061818400632,0,1.32240454439759,-0.649999999999999,0.307285108010314,0.431786597792554,-0.236111111111111,0,1.50000000000001,0.337121212121212,-0.89266287090726,0,-0.525,1,"0","1","0","0",8.62562777777777
-0.625000000000003,-0.133333333333002,-1.07547274881319,2.25501665221431,0.161290322580645,0.69716924154292,1.49999999999999,1.16085758569449,-0.699999999999999,0.0257869057385175,0.576393520671504,-0.236111111111111,0.04,0,0.287878787878788,-0.892321062108943,-0.736322906116345,-0.6375,1,"0","1","0","0",8.63458466666665
0.45833333333331,0.6,-0.853990112246723,1.17836611058048,-0.290322580645161,0.614869447267686,0,0.214939346345288,1.1,-0.0547080139780332,-0.286101373424207,-0.236111111111111,0.02,1,0.306818181818182,-0.89636150554798,-0.35618289181464,-0.7125,0.749999999999982,"0","1","0","0",8.49264688888894
0.083333333333313,0,-0.843030915866944,-0.155158397580739,0.612903225806452,1.04468423395267,0,0.307726016537748,0.800000000000001,-0.244996418046433,-0.286101373424207,-0.263888888888889,0.04,1.16666666666667,0.371212121212121,-0.894357967291205,-0.35618289181464,-0.69375,0,"0","1","0","0",8.50146688888894
0.291666666666623,0.466666666666998,-0.392317047458865,0,0.193548387096774,1.04468423395268,1.50000000000003,0.153304779105949,0.850000000000001,0.214424411586183,0.28751477532373,-0.277777777777778,0.06,1.66666666666666,0.318181818181818,-0.895029512124489,0.333057403061324,-0.64375,0.5,"0","1","0","0",8.4684308888889
1.49999999999999,0.533333333333002,-0.875941040529655,0.304894454137156,0.419354838709677,0.119285318064907,2.50000000000003,0.40091430879483,1.2,0.194506796716674,-0.853845713313462,-0.229166666666666,0.02,1,0.321969696969697,-0.895697356032537,0,-0.73125,-0.249999999999982,"0","0","0","1",8.55554044444449
0.833333333333313,0.933333333333002,-0.821144975423378,-0.471057730980546,0.258064516129032,0.231132113274613,-1,-0.212749423785681,0.850000000000001,0.280504338508608,1.15806257761096,-0.270833333333333,0.02,1.83333333333333,0.34469696969697,-0.893003748783586,0.64381710818536,-0.6625,0.250000000000018,"1","0","0","0",8.47796311111112
-0.666666666666687,0.133333333333002,-0.487351326245589,-0.672370258549974,0.32258064516129,-0.263487083206343,2,0.122554479574172,0.850000000000001,0.333246587500581,0,-0.236111111111111,0.02,0.333333333333337,0.284090909090909,-0.89469420273128,0.933102957855919,-0.9,-0.5,"0","1","0","0",8.43822488888886
-0.0416666666666898,0.2,-1.29002167660474,-0.631865013415323,-0.451612903225806,0,0,0.0611878825066979,0.9,0.328973903207191,-0.570735921529371,-0.215277777777778,0.02,0.500000000000006,0.295454545454546,-0.89469420273128,0.933102957855919,-0.8375,-0.249999999999982,"0","1","0","0",8.4523202222222
0.166666666666626,-0.6,-1.1878824961236,-0.591481678038229,-0.0645161290322581,-0.73268271378786,-0.50000000000001,-0.393361290204559,0.700000000000001,0.374856689248275,0.576393520671504,-0.333333333333333,-2.04,0.500000000000006,0.287878787878788,-0.896029892180533,0.933102957855919,-0.95625,-0.5,"0","1","0","0",8.45606799999997
1.58333333333331,0.6,-0.843030915866944,-0.835621279924435,-0.0967741935483872,-0.409163131158585,0,0.307726016537748,-0.199999999999999,0.320364291922541,-1.4152329881449,-0.381944444444444,0.02,-1.33333333333333,0.356060606060606,-0.89469420273128,0.333057403061324,-0.95625,-1.24999999999998,"0","0","0","1",8.51892
-0.625000000000003,-0.133333333333002,1.49945482402819,0.267171775944871,-0.225806451612903,-0.732682713787891,0,0.369806931191189,-0.799999999999999,-0.216431241000542,0,-0.208333333333333,0.02,0,0.310606060606061,-0.896029892180533,-1.14125542007639,-0.95,0.250000000000018,"0","1","0","0",8.50500555555555
-0.833333333333374,-0.333333333333002,-1.15404114269368,2.28716454019134,0.67741935483871,1.39740799825237,2.5,0.494504042704014,1.65,0.126020644441232,0.431786597792554,-0.263888888888889,0.08,0.500000000000006,0.303030303030303,-0.894357967291205,0.64381710818536,-0.84375,-1.24999999999998,"0","1","0","0",8.44543199999998
1.125,-0.266666666666998,-0.434452298327784,1.03691260218282,0.774193548387097,0.336115030082776,0.49999999999999,-0.0610091134989767,0.800000000000001,0.350129334172068,-0.994809341721671,-0.256944444444445,0,-0.833333333333331,0.291666666666666,-0.893682715013105,1.20173473431224,0.45625,-1.24999999999998,"0","0","0","1",8.52875422222223
1.45833333333331,-1.26666666666703,-1.08666312600058,1.1078392931516,-0.838709677419355,0.848061818400621,0,0.557120133114381,-0.699999999999999,0.370783427037212,-1.4152329881449,-0.222222222222222,0,-0.999999999999988,0.40530303030303,-0.894020804989723,0.933102957855919,-0.60625,-0.249999999999982,"0","0","0","1",8.54964511111113
0.95833333333331,-0.266666666666998,0.995789350641065,-0.0773499786943027,-0.967741935483871,0.848061818400632,2.5,1.06446273439052,1,0.460095507062167,-1.4152329881449,-0.645833333333333,0.04,-0.166666666666657,0.340909090909091,-0.89735081715745,-1.14125542007639,-0.56875,0,"0","0","0","1",8.55921844444444
-1.16666666666669,-0.133333333333002,0.368666524330548,0.229338878341232,-0.0645161290322581,-0.263487083206343,0,-0.121839403350427,0.800000000000001,0.354299289910712,0.28751477532373,-0.229166666666666,0.06,0.166666666666669,0.337121212121212,-0.885648747574789,-0.35618289181464,-0.69375,-0.5,"0","1","0","0",8.50026977777779
-0.375000000000003,-0.2,0.0606577685884462,-0.155158397580739,2.2258064516129,-0.565243969901267,-0.50000000000001,0.030571598534825,0.75,0.324679895242833,0.143583889981618,-0.256944444444445,0.04,-0.499999999999994,0.363636363636364,-0.884200672912454,-0.736322906116345,-0.95,-0.749999999999982,"0","1","0","0",8.5099766666667
1.45833333333331,-0.6,-0.184058498724098,-0.794622916016525,1.64516129032258,0.119285318064907,3,0.0611878825066979,-0.199999999999999,0.0864061945893898,-1.13536770001783,-0.236111111111111,0.02,0.166666666666669,0.337121212121212,-0.872852068012144,-0.736322906116345,-0.95,-0.749999999999982,"0","0","0","1",8.60213733333337
1,1,-1.23316336008366,1.38758037146244,0.258064516129032,-1.10599717379114,-2.25514051876985e-14,-0.779154406919938,1.8,-0.0764489302114307,-0.994809341721671,-0.569444444444445,0.06,-0.499999999999994,0.356060606060606,-0.864387963111041,-0.736322906116345,-0.8,-0.999999999999964,"0","0","0","1",8.57272244444449
0.25,0.6,-0.744883196705955,-0.551219710884195,0.258064516129032,0.119285318064907,0,0,2,-0.0838614124143991,0.576393520671504,-0.388888888888889,-12.24,-0.499999999999994,0.359848484848485,-0.872064572031302,-0.736322906116345,-0.9125,-0.249999999999982,"0","1","0","0",8.47095577777778
1.41666666666662,1.06666666666703,-0.561842698175164,-2.30759803977013,-0.419354838709677,-0.912539755042754,-0.499999999999988,0.122554479574172,0.25,0.219326966763813,-1.27551198828199,-0.222222222222222,0.18,-1.49999999999999,0.431818181818182,-0.872852068012144,-0.35618289181464,-0.95625,0,"0","0","0","1",8.60177111111114
0.45833333333331,0.466666666666998,0.0404767111727692,-1.72627401471031,0.774193548387097,-0.263487083206343,0,0.214939346345288,1.95,0.209491600705999,2.03974561892447,-0.201388888888889,0.02,-0.999999999999988,0.318181818181818,-0.873635669759872,-1.57181946025828,-0.81875,-0.749999999999982,"0","0","1","0",8.30019222222222
-0.583333333333374,1.13333333333304,1.29560829167522,0.676162117744319,-0.32258064516129,-0.263487083206343,1,-0.152187472280324,0.700000000000001,0.044520053733646,0.72132991659019,-0.263888888888889,0.02,-0.499999999999994,0.291666666666666,-0.873635669759872,-1.14125542007639,-0.95,-0.5,"0","0","1","0",8.35250422222221
-0.79166666666669,-0.2,-0.712360026341155,-0.194235778824499,0.741935483870968,0.982742853815127,0,0.338744164878193,0.850000000000001,0.324679895242833,1.45077033101339,-0.236111111111111,0.04,-0.499999999999994,0.401515151515152,-0.874026012222611,-0.736322906116345,-0.8375,0.250000000000018,"0","0","1","0",8.31176977777777
